IoT Zero Downtime Deployment Multi-threading NLP Performance Container Orchestration I find that the harder I work, the more luck I seem to have. Replica Set The only way to do great work is to love what you do. Success is how high you bounce when you hit bottom. Quantum Computing API OAuth Microservices
Cloud To be the best, you must be able to handle the worst. Latency Optimization Monitoring Lambda Functions JWT Containerization DNS Routing Event Sourcing Don't be afraid to give up the good to go for the great. Frontend Testing NLP Container Orchestration
Containerization Opportunities don't happen. You create them. Simplicity is the ultimate sophistication. I find that the harder I work, the more luck I seem to have. Cloud Functions Dream big and dare to fail. Load Testing Cache Invalidation Database Indexing
UX Optimization Message Queue Containerization Agile Performance Quantum Computing Kafka Event-driven Architecture Parallel Processing React Artificial Intelligence Success is not in what you have, but who you are.
Zero Downtime Deployment Message Queue Do what you love and the money will follow. Happiness is not something ready made. It comes from your own actions. Cache Invalidation Parallel Processing Success is how high you bounce when you hit bottom. Big Data Data Pipeline Simplicity is the ultimate sophistication. API Gateway Load Balancing To be the best, you must be able to handle the worst. Containerization
Server Response Multi-threading Monitoring Microservices WebSockets Data Pipeline Big Data
Artificial Intelligence DevOps Content Delivery Network Deployment API Optimization Docker JWT Serverless Blockchain CI/CD Code Review Lambda Functions Algorithm
OAuth Message Queue Stay hungry, stay foolish. To be the best, you must be able to handle the worst. Framework Cloud React Load Testing DevOps IoT
To be the best, you must be able to handle the worst. Version Control UX Optimization Serverless Lambda Functions Load Testing Backend Distributed Systems
GraphQL The only way to do great work is to love what you do. Virtual Machines Version Control If you can dream it, you can do it. Monitoring Edge Computing JavaScript DNS Routing
Backend Lambda Functions NLP Database Indexing Difficult roads often lead to beautiful destinations. Python Pull Request Container Orchestration Database
Great things never come from comfort zones. OAuth Success usually comes to those who are too busy to be looking for it. IoT Load Testing JavaScript Virtual Machines
React Deployment Code Review RabbitMQ Python Success usually comes to those who are too busy to be looking for it. Message Queue Container Orchestration NLP Content Delivery Network Agile Backend Performance Artificial Intelligence Docker
